price,rooms,square_meters,floor,max_floor,street,imageurl,Elevator,parking,saferoom,condition,potential,Balcony,airways,balcony_size
₪1000000,1.0,18,0,,המלך ג'ורג',https://www.newhomeco.com/_next/image?url=https%3A%2F%2Fnewhomecoprod.wpenginepowered.com%2Fwp-content%2Fuploads%2FDivision%2FNorCal%2FTrails-at-Valley-Oak%2FModel-Photography%2FPlan-1%2F2342-10_Streetscene_TheTrails-NewHomeCo_EricFiggePhotos.jpg&w=3840&q=75,,,,,,,,
₪1800000,1.0,36,6,,פלורנטין,https://www.newhomeco.com/_next/image?url=https%3A%2F%2Fnewhomecoprod.wpenginepowered.com%2Fwp-content%2Fuploads%2FDivision%2FNorCal%2FTrails-at-Valley-Oak%2FModel-Photography%2FPlan-1%2F2342-10_Streetscene_TheTrails-NewHomeCo_EricFiggePhotos.jpg&w=3840&q=75,,,,,,,,
₪1850000,2.0,38,5,,עין הקורא ,https://www.newhomeco.com/_next/image?url=https%3A%2F%2Fnewhomecoprod.wpenginepowered.com%2Fwp-content%2Fuploads%2FDivision%2FNorCal%2FTrails-at-Valley-Oak%2FModel-Photography%2FPlan-1%2F2342-10_Streetscene_TheTrails-NewHomeCo_EricFiggePhotos.jpg&w=3840&q=75,,,,,,,,
₪2100000,2.0,40,4,,אברבנל,https://www.newhomeco.com/_next/image?url=https%3A%2F%2Fnewhomecoprod.wpenginepowered.com%2Fwp-content%2Fuploads%2FDivision%2FNorCal%2FTrails-at-Valley-Oak%2FModel-Photography%2FPlan-1%2F2342-10_Streetscene_TheTrails-NewHomeCo_EricFiggePhotos.jpg&w=3840&q=75,,,,,,,,
₪1900000,1.0,30,3,,יהודה הלוי ,https://www.newhomeco.com/_next/image?url=https%3A%2F%2Fnewhomecoprod.wpenginepowered.com%2Fwp-content%2Fuploads%2FDivision%2FNorCal%2FTrails-at-Valley-Oak%2FModel-Photography%2FPlan-1%2F2342-10_Streetscene_TheTrails-NewHomeCo_EricFiggePhotos.jpg&w=3840&q=75,,,,,,,,
₪2400000,2.0,38,1,,בן יהודה ,https://www.newhomeco.com/_next/image?url=https%3A%2F%2Fnewhomecoprod.wpenginepowered.com%2Fwp-content%2Fuploads%2FDivision%2FNorCal%2FTrails-at-Valley-Oak%2FModel-Photography%2FPlan-1%2F2342-10_Streetscene_TheTrails-NewHomeCo_EricFiggePhotos.jpg&w=3840&q=75,,,,,,,,
₪2450000,2.0,41,0,,הקליר,https://www.newhomeco.com/_next/image?url=https%3A%2F%2Fnewhomecoprod.wpenginepowered.com%2Fwp-content%2Fuploads%2FDivision%2FNorCal%2FTrails-at-Valley-Oak%2FModel-Photography%2FPlan-1%2F2342-10_Streetscene_TheTrails-NewHomeCo_EricFiggePhotos.jpg&w=3840&q=75,,,,,,,,
₪2500000,2.0,44,2,,אבן גבירול ,https://www.newhomeco.com/_next/image?url=https%3A%2F%2Fnewhomecoprod.wpenginepowered.com%2Fwp-content%2Fuploads%2FDivision%2FNorCal%2FTrails-at-Valley-Oak%2FModel-Photography%2FPlan-1%2F2342-10_Streetscene_TheTrails-NewHomeCo_EricFiggePhotos.jpg&w=3840&q=75,,,,,,,,
₪2500000,2.0,41,2,,נחלת בנימין,https://www.newhomeco.com/_next/image?url=https%3A%2F%2Fnewhomecoprod.wpenginepowered.com%2Fwp-content%2Fuploads%2FDivision%2FNorCal%2FTrails-at-Valley-Oak%2FModel-Photography%2FPlan-1%2F2342-10_Streetscene_TheTrails-NewHomeCo_EricFiggePhotos.jpg&w=3840&q=75,,,,,,,,
₪2500000,2.5,52,2,,בפלורנטין,https://www.newhomeco.com/_next/image?url=https%3A%2F%2Fnewhomecoprod.wpenginepowered.com%2Fwp-content%2Fuploads%2FDivision%2FNorCal%2FTrails-at-Valley-Oak%2FModel-Photography%2FPlan-1%2F2342-10_Streetscene_TheTrails-NewHomeCo_EricFiggePhotos.jpg&w=3840&q=75,,,,,,,,
₪2500000,1.5,39,0,,וילסון ,https://www.newhomeco.com/_next/image?url=https%3A%2F%2Fnewhomecoprod.wpenginepowered.com%2Fwp-content%2Fuploads%2FDivision%2FNorCal%2FTrails-at-Valley-Oak%2FModel-Photography%2FPlan-1%2F2342-10_Streetscene_TheTrails-NewHomeCo_EricFiggePhotos.jpg&w=3840&q=75,,,,,,,,
₪2500000,2.0,47,1,,נחלת בנימין ,https://www.newhomeco.com/_next/image?url=https%3A%2F%2Fnewhomecoprod.wpenginepowered.com%2Fwp-content%2Fuploads%2FDivision%2FNorCal%2FTrails-at-Valley-Oak%2FModel-Photography%2FPlan-1%2F2342-10_Streetscene_TheTrails-NewHomeCo_EricFiggePhotos.jpg&w=3840&q=75,,,,,,,,
₪2500000,2.0,40,4,,סוקולוב ,https://www.newhomeco.com/_next/image?url=https%3A%2F%2Fnewhomecoprod.wpenginepowered.com%2Fwp-content%2Fuploads%2FDivision%2FNorCal%2FTrails-at-Valley-Oak%2FModel-Photography%2FPlan-1%2F2342-10_Streetscene_TheTrails-NewHomeCo_EricFiggePhotos.jpg&w=3840&q=75,,,,,,,,
₪2550000,2.0,40,2,,לוריא ,https://www.newhomeco.com/_next/image?url=https%3A%2F%2Fnewhomecoprod.wpenginepowered.com%2Fwp-content%2Fuploads%2FDivision%2FNorCal%2FTrails-at-Valley-Oak%2FModel-Photography%2FPlan-1%2F2342-10_Streetscene_TheTrails-NewHomeCo_EricFiggePhotos.jpg&w=3840&q=75,,,,,,,,
₪2550000,2.5,52,2,,בן עטר ,https://www.newhomeco.com/_next/image?url=https%3A%2F%2Fnewhomecoprod.wpenginepowered.com%2Fwp-content%2Fuploads%2FDivision%2FNorCal%2FTrails-at-Valley-Oak%2FModel-Photography%2FPlan-1%2F2342-10_Streetscene_TheTrails-NewHomeCo_EricFiggePhotos.jpg&w=3840&q=75,,,,,,,,
₪2650000,2.0,49,1,,לוינסקי ,https://www.newhomeco.com/_next/image?url=https%3A%2F%2Fnewhomecoprod.wpenginepowered.com%2Fwp-content%2Fuploads%2FDivision%2FNorCal%2FTrails-at-Valley-Oak%2FModel-Photography%2FPlan-1%2F2342-10_Streetscene_TheTrails-NewHomeCo_EricFiggePhotos.jpg&w=3840&q=75,,,,,,,,
₪2690000,2.5,45,1,,העליה,https://www.newhomeco.com/_next/image?url=https%3A%2F%2Fnewhomecoprod.wpenginepowered.com%2Fwp-content%2Fuploads%2FDivision%2FNorCal%2FTrails-at-Valley-Oak%2FModel-Photography%2FPlan-1%2F2342-10_Streetscene_TheTrails-NewHomeCo_EricFiggePhotos.jpg&w=3840&q=75,,,,,,,,
₪2850000,2.0,58,1,,מסריק ,https://www.newhomeco.com/_next/image?url=https%3A%2F%2Fnewhomecoprod.wpenginepowered.com%2Fwp-content%2Fuploads%2FDivision%2FNorCal%2FTrails-at-Valley-Oak%2FModel-Photography%2FPlan-1%2F2342-10_Streetscene_TheTrails-NewHomeCo_EricFiggePhotos.jpg&w=3840&q=75,,,,,,,,
₪3100000,2.0,46,1,,ישעיהו ,https://www.newhomeco.com/_next/image?url=https%3A%2F%2Fnewhomecoprod.wpenginepowered.com%2Fwp-content%2Fuploads%2FDivision%2FNorCal%2FTrails-at-Valley-Oak%2FModel-Photography%2FPlan-1%2F2342-10_Streetscene_TheTrails-NewHomeCo_EricFiggePhotos.jpg&w=3840&q=75,,,,,,,,
₪3250000,2.0,70,0,,הרב קוק,https://www.newhomeco.com/_next/image?url=https%3A%2F%2Fnewhomecoprod.wpenginepowered.com%2Fwp-content%2Fuploads%2FDivision%2FNorCal%2FTrails-at-Valley-Oak%2FModel-Photography%2FPlan-1%2F2342-10_Streetscene_TheTrails-NewHomeCo_EricFiggePhotos.jpg&w=3840&q=75,,,,,,,,
₪3200000,2.0,48,6,,דיזנגוף,https://www.newhomeco.com/_next/image?url=https%3A%2F%2Fnewhomecoprod.wpenginepowered.com%2Fwp-content%2Fuploads%2FDivision%2FNorCal%2FTrails-at-Valley-Oak%2FModel-Photography%2FPlan-1%2F2342-10_Streetscene_TheTrails-NewHomeCo_EricFiggePhotos.jpg&w=3840&q=75,,,,,,,,
₪3200000,1.5,74,2,,נחלת בנימין,https://www.newhomeco.com/_next/image?url=https%3A%2F%2Fnewhomecoprod.wpenginepowered.com%2Fwp-content%2Fuploads%2FDivision%2FNorCal%2FTrails-at-Valley-Oak%2FModel-Photography%2FPlan-1%2F2342-10_Streetscene_TheTrails-NewHomeCo_EricFiggePhotos.jpg&w=3840&q=75,,,,,,,,
₪3250000,2.0,55,3,,חובבי ציון ,https://www.newhomeco.com/_next/image?url=https%3A%2F%2Fnewhomecoprod.wpenginepowered.com%2Fwp-content%2Fuploads%2FDivision%2FNorCal%2FTrails-at-Valley-Oak%2FModel-Photography%2FPlan-1%2F2342-10_Streetscene_TheTrails-NewHomeCo_EricFiggePhotos.jpg&w=3840&q=75,,,,,,,,
₪3250000,3.0,72,0,,הקונגרס ,https://www.newhomeco.com/_next/image?url=https%3A%2F%2Fnewhomecoprod.wpenginepowered.com%2Fwp-content%2Fuploads%2FDivision%2FNorCal%2FTrails-at-Valley-Oak%2FModel-Photography%2FPlan-1%2F2342-10_Streetscene_TheTrails-NewHomeCo_EricFiggePhotos.jpg&w=3840&q=75,,,,,,,,
₪3300000,2.0,67,4,,כורש,https://www.newhomeco.com/_next/image?url=https%3A%2F%2Fnewhomecoprod.wpenginepowered.com%2Fwp-content%2Fuploads%2FDivision%2FNorCal%2FTrails-at-Valley-Oak%2FModel-Photography%2FPlan-1%2F2342-10_Streetscene_TheTrails-NewHomeCo_EricFiggePhotos.jpg&w=3840&q=75,,,,,,,,
₪3300000,3.5,59,1,,נמיר ,https://www.newhomeco.com/_next/image?url=https%3A%2F%2Fnewhomecoprod.wpenginepowered.com%2Fwp-content%2Fuploads%2FDivision%2FNorCal%2FTrails-at-Valley-Oak%2FModel-Photography%2FPlan-1%2F2342-10_Streetscene_TheTrails-NewHomeCo_EricFiggePhotos.jpg&w=3840&q=75,,,,,,,,
₪3350000,2.0,63,0,,בילו ,https://www.newhomeco.com/_next/image?url=https%3A%2F%2Fnewhomecoprod.wpenginepowered.com%2Fwp-content%2Fuploads%2FDivision%2FNorCal%2FTrails-at-Valley-Oak%2FModel-Photography%2FPlan-1%2F2342-10_Streetscene_TheTrails-NewHomeCo_EricFiggePhotos.jpg&w=3840&q=75,,,,,,,,
₪3350000,3.5,65,3,,יהודה הלוי ,https://www.newhomeco.com/_next/image?url=https%3A%2F%2Fnewhomecoprod.wpenginepowered.com%2Fwp-content%2Fuploads%2FDivision%2FNorCal%2FTrails-at-Valley-Oak%2FModel-Photography%2FPlan-1%2F2342-10_Streetscene_TheTrails-NewHomeCo_EricFiggePhotos.jpg&w=3840&q=75,,,,,,,,
₪3350000,2.5,64,3,,בוגרשוב,https://www.newhomeco.com/_next/image?url=https%3A%2F%2Fnewhomecoprod.wpenginepowered.com%2Fwp-content%2Fuploads%2FDivision%2FNorCal%2FTrails-at-Valley-Oak%2FModel-Photography%2FPlan-1%2F2342-10_Streetscene_TheTrails-NewHomeCo_EricFiggePhotos.jpg&w=3840&q=75,,,,,,,,
₪3350000,2.5,54,1,,בר כוכבא,https://www.newhomeco.com/_next/image?url=https%3A%2F%2Fnewhomecoprod.wpenginepowered.com%2Fwp-content%2Fuploads%2FDivision%2FNorCal%2FTrails-at-Valley-Oak%2FModel-Photography%2FPlan-1%2F2342-10_Streetscene_TheTrails-NewHomeCo_EricFiggePhotos.jpg&w=3840&q=75,,,,,,,,
₪3390000,3.0,72,3,,שינקין,https://www.newhomeco.com/_next/image?url=https%3A%2F%2Fnewhomecoprod.wpenginepowered.com%2Fwp-content%2Fuploads%2FDivision%2FNorCal%2FTrails-at-Valley-Oak%2FModel-Photography%2FPlan-1%2F2342-10_Streetscene_TheTrails-NewHomeCo_EricFiggePhotos.jpg&w=3840&q=75,,,,,,,,
₪3400000,2.0,63,0,,"רש""י",https://www.newhomeco.com/_next/image?url=https%3A%2F%2Fnewhomecoprod.wpenginepowered.com%2Fwp-content%2Fuploads%2FDivision%2FNorCal%2FTrails-at-Valley-Oak%2FModel-Photography%2FPlan-1%2F2342-10_Streetscene_TheTrails-NewHomeCo_EricFiggePhotos.jpg&w=3840&q=75,,,,,,,,
₪3400000,2.0,48,3,,נחלת בנימין,https://www.newhomeco.com/_next/image?url=https%3A%2F%2Fnewhomecoprod.wpenginepowered.com%2Fwp-content%2Fuploads%2FDivision%2FNorCal%2FTrails-at-Valley-Oak%2FModel-Photography%2FPlan-1%2F2342-10_Streetscene_TheTrails-NewHomeCo_EricFiggePhotos.jpg&w=3840&q=75,,,,,,,,
₪3400000,3.5,84,1,,נמיר,https://www.newhomeco.com/_next/image?url=https%3A%2F%2Fnewhomecoprod.wpenginepowered.com%2Fwp-content%2Fuploads%2FDivision%2FNorCal%2FTrails-at-Valley-Oak%2FModel-Photography%2FPlan-1%2F2342-10_Streetscene_TheTrails-NewHomeCo_EricFiggePhotos.jpg&w=3840&q=75,,,,,,,,
₪3400000,2.0,75,3,,אבן גבירול ,https://www.newhomeco.com/_next/image?url=https%3A%2F%2Fnewhomecoprod.wpenginepowered.com%2Fwp-content%2Fuploads%2FDivision%2FNorCal%2FTrails-at-Valley-Oak%2FModel-Photography%2FPlan-1%2F2342-10_Streetscene_TheTrails-NewHomeCo_EricFiggePhotos.jpg&w=3840&q=75,,,,,,,,
₪3400000,2.5,60,0,,"שדרות ח""ן",https://www.newhomeco.com/_next/image?url=https%3A%2F%2Fnewhomecoprod.wpenginepowered.com%2Fwp-content%2Fuploads%2FDivision%2FNorCal%2FTrails-at-Valley-Oak%2FModel-Photography%2FPlan-1%2F2342-10_Streetscene_TheTrails-NewHomeCo_EricFiggePhotos.jpg&w=3840&q=75,,,,,,,,
₪3400000,2.5,73,3,,החשמונאים ,https://www.newhomeco.com/_next/image?url=https%3A%2F%2Fnewhomecoprod.wpenginepowered.com%2Fwp-content%2Fuploads%2FDivision%2FNorCal%2FTrails-at-Valley-Oak%2FModel-Photography%2FPlan-1%2F2342-10_Streetscene_TheTrails-NewHomeCo_EricFiggePhotos.jpg&w=3840&q=75,,,,,,,,
₪3450000,2.5,62,3,,נצח ישראל ,https://www.newhomeco.com/_next/image?url=https%3A%2F%2Fnewhomecoprod.wpenginepowered.com%2Fwp-content%2Fuploads%2FDivision%2FNorCal%2FTrails-at-Valley-Oak%2FModel-Photography%2FPlan-1%2F2342-10_Streetscene_TheTrails-NewHomeCo_EricFiggePhotos.jpg&w=3840&q=75,,,,,,,,
₪3500000,2.0,68,3,,פרישמן ,https://www.newhomeco.com/_next/image?url=https%3A%2F%2Fnewhomecoprod.wpenginepowered.com%2Fwp-content%2Fuploads%2FDivision%2FNorCal%2FTrails-at-Valley-Oak%2FModel-Photography%2FPlan-1%2F2342-10_Streetscene_TheTrails-NewHomeCo_EricFiggePhotos.jpg&w=3840&q=75,,,,,,,,
₪3500000,3.0,67,2,,הירקון ,https://www.newhomeco.com/_next/image?url=https%3A%2F%2Fnewhomecoprod.wpenginepowered.com%2Fwp-content%2Fuploads%2FDivision%2FNorCal%2FTrails-at-Valley-Oak%2FModel-Photography%2FPlan-1%2F2342-10_Streetscene_TheTrails-NewHomeCo_EricFiggePhotos.jpg&w=3840&q=75,,,,,,,,
₪3550000,3.0,82,4,,מלכי ישראל ,https://www.newhomeco.com/_next/image?url=https%3A%2F%2Fnewhomecoprod.wpenginepowered.com%2Fwp-content%2Fuploads%2FDivision%2FNorCal%2FTrails-at-Valley-Oak%2FModel-Photography%2FPlan-1%2F2342-10_Streetscene_TheTrails-NewHomeCo_EricFiggePhotos.jpg&w=3840&q=75,,,,,,,,
₪3550000,2.0,55,1,,א.ד גורדון ,https://www.newhomeco.com/_next/image?url=https%3A%2F%2Fnewhomecoprod.wpenginepowered.com%2Fwp-content%2Fuploads%2FDivision%2FNorCal%2FTrails-at-Valley-Oak%2FModel-Photography%2FPlan-1%2F2342-10_Streetscene_TheTrails-NewHomeCo_EricFiggePhotos.jpg&w=3840&q=75,,,,,,,,
₪3600000,3.0,71,1,,ארלוזורוב ,https://www.newhomeco.com/_next/image?url=https%3A%2F%2Fnewhomecoprod.wpenginepowered.com%2Fwp-content%2Fuploads%2FDivision%2FNorCal%2FTrails-at-Valley-Oak%2FModel-Photography%2FPlan-1%2F2342-10_Streetscene_TheTrails-NewHomeCo_EricFiggePhotos.jpg&w=3840&q=75,,,,,,,,
₪3600000,3.0,78,0,,שפינוזה  ,https://www.newhomeco.com/_next/image?url=https%3A%2F%2Fnewhomecoprod.wpenginepowered.com%2Fwp-content%2Fuploads%2FDivision%2FNorCal%2FTrails-at-Valley-Oak%2FModel-Photography%2FPlan-1%2F2342-10_Streetscene_TheTrails-NewHomeCo_EricFiggePhotos.jpg&w=3840&q=75,,,,,,,,
₪3600000,3.0,60,0,,יוזף אליהו,https://www.newhomeco.com/_next/image?url=https%3A%2F%2Fnewhomecoprod.wpenginepowered.com%2Fwp-content%2Fuploads%2FDivision%2FNorCal%2FTrails-at-Valley-Oak%2FModel-Photography%2FPlan-1%2F2342-10_Streetscene_TheTrails-NewHomeCo_EricFiggePhotos.jpg&w=3840&q=75,,,,,,,,
₪3650000,2.0,60,3,,לכיש ,https://www.newhomeco.com/_next/image?url=https%3A%2F%2Fnewhomecoprod.wpenginepowered.com%2Fwp-content%2Fuploads%2FDivision%2FNorCal%2FTrails-at-Valley-Oak%2FModel-Photography%2FPlan-1%2F2342-10_Streetscene_TheTrails-NewHomeCo_EricFiggePhotos.jpg&w=3840&q=75,,,,,,,,
₪3650000,2.0,71,0,,גאולה ,https://www.newhomeco.com/_next/image?url=https%3A%2F%2Fnewhomecoprod.wpenginepowered.com%2Fwp-content%2Fuploads%2FDivision%2FNorCal%2FTrails-at-Valley-Oak%2FModel-Photography%2FPlan-1%2F2342-10_Streetscene_TheTrails-NewHomeCo_EricFiggePhotos.jpg&w=3840&q=75,,,,,,,,
₪3700000,3.0,83,4,,אבן גבירול ,https://www.newhomeco.com/_next/image?url=https%3A%2F%2Fnewhomecoprod.wpenginepowered.com%2Fwp-content%2Fuploads%2FDivision%2FNorCal%2FTrails-at-Valley-Oak%2FModel-Photography%2FPlan-1%2F2342-10_Streetscene_TheTrails-NewHomeCo_EricFiggePhotos.jpg&w=3840&q=75,,,,,,,,
₪3700000,3.0,77,3,,מקווה ישראל ,https://www.newhomeco.com/_next/image?url=https%3A%2F%2Fnewhomecoprod.wpenginepowered.com%2Fwp-content%2Fuploads%2FDivision%2FNorCal%2FTrails-at-Valley-Oak%2FModel-Photography%2FPlan-1%2F2342-10_Streetscene_TheTrails-NewHomeCo_EricFiggePhotos.jpg&w=3840&q=75,,,,,,,,
₪3700000,3.0,74,4,,המכבי,https://www.newhomeco.com/_next/image?url=https%3A%2F%2Fnewhomecoprod.wpenginepowered.com%2Fwp-content%2Fuploads%2FDivision%2FNorCal%2FTrails-at-Valley-Oak%2FModel-Photography%2FPlan-1%2F2342-10_Streetscene_TheTrails-NewHomeCo_EricFiggePhotos.jpg&w=3840&q=75,,,,,,,,
₪3750000,2.0,72,0,,הקליר ,https://www.newhomeco.com/_next/image?url=https%3A%2F%2Fnewhomecoprod.wpenginepowered.com%2Fwp-content%2Fuploads%2FDivision%2FNorCal%2FTrails-at-Valley-Oak%2FModel-Photography%2FPlan-1%2F2342-10_Streetscene_TheTrails-NewHomeCo_EricFiggePhotos.jpg&w=3840&q=75,,,,,,,,
₪3750000,2.0,70,1,,הרמן כהן ,https://www.newhomeco.com/_next/image?url=https%3A%2F%2Fnewhomecoprod.wpenginepowered.com%2Fwp-content%2Fuploads%2FDivision%2FNorCal%2FTrails-at-Valley-Oak%2FModel-Photography%2FPlan-1%2F2342-10_Streetscene_TheTrails-NewHomeCo_EricFiggePhotos.jpg&w=3840&q=75,,,,,,,,
₪3800000,3.0,77,2,,ארלוזורוב ,https://www.newhomeco.com/_next/image?url=https%3A%2F%2Fnewhomecoprod.wpenginepowered.com%2Fwp-content%2Fuploads%2FDivision%2FNorCal%2FTrails-at-Valley-Oak%2FModel-Photography%2FPlan-1%2F2342-10_Streetscene_TheTrails-NewHomeCo_EricFiggePhotos.jpg&w=3840&q=75,,,,,,,,
₪3800000,2.0,78,3,,שלמה המלך,https://www.newhomeco.com/_next/image?url=https%3A%2F%2Fnewhomecoprod.wpenginepowered.com%2Fwp-content%2Fuploads%2FDivision%2FNorCal%2FTrails-at-Valley-Oak%2FModel-Photography%2FPlan-1%2F2342-10_Streetscene_TheTrails-NewHomeCo_EricFiggePhotos.jpg&w=3840&q=75,,,,,,,,
₪3800000,3.0,72,1,,זכריה ,https://www.newhomeco.com/_next/image?url=https%3A%2F%2Fnewhomecoprod.wpenginepowered.com%2Fwp-content%2Fuploads%2FDivision%2FNorCal%2FTrails-at-Valley-Oak%2FModel-Photography%2FPlan-1%2F2342-10_Streetscene_TheTrails-NewHomeCo_EricFiggePhotos.jpg&w=3840&q=75,,,,,,,,
₪3800000,2.0,70,0,,פינסקר,https://www.newhomeco.com/_next/image?url=https%3A%2F%2Fnewhomecoprod.wpenginepowered.com%2Fwp-content%2Fuploads%2FDivision%2FNorCal%2FTrails-at-Valley-Oak%2FModel-Photography%2FPlan-1%2F2342-10_Streetscene_TheTrails-NewHomeCo_EricFiggePhotos.jpg&w=3840&q=75,,,,,,,,
₪3800000,3.0,83,2,,יהודה הלוי ,https://www.newhomeco.com/_next/image?url=https%3A%2F%2Fnewhomecoprod.wpenginepowered.com%2Fwp-content%2Fuploads%2FDivision%2FNorCal%2FTrails-at-Valley-Oak%2FModel-Photography%2FPlan-1%2F2342-10_Streetscene_TheTrails-NewHomeCo_EricFiggePhotos.jpg&w=3840&q=75,,,,,,,,
₪3850000,2.0,72,2,,המלך ג'ורג',https://www.newhomeco.com/_next/image?url=https%3A%2F%2Fnewhomecoprod.wpenginepowered.com%2Fwp-content%2Fuploads%2FDivision%2FNorCal%2FTrails-at-Valley-Oak%2FModel-Photography%2FPlan-1%2F2342-10_Streetscene_TheTrails-NewHomeCo_EricFiggePhotos.jpg&w=3840&q=75,,,,,,,,
₪3850000,2.0,83,3,,דיזנגוף ,https://www.newhomeco.com/_next/image?url=https%3A%2F%2Fnewhomecoprod.wpenginepowered.com%2Fwp-content%2Fuploads%2FDivision%2FNorCal%2FTrails-at-Valley-Oak%2FModel-Photography%2FPlan-1%2F2342-10_Streetscene_TheTrails-NewHomeCo_EricFiggePhotos.jpg&w=3840&q=75,,,,,,,,
₪3850000,2.0,74,0,,פיארברג,https://www.newhomeco.com/_next/image?url=https%3A%2F%2Fnewhomecoprod.wpenginepowered.com%2Fwp-content%2Fuploads%2FDivision%2FNorCal%2FTrails-at-Valley-Oak%2FModel-Photography%2FPlan-1%2F2342-10_Streetscene_TheTrails-NewHomeCo_EricFiggePhotos.jpg&w=3840&q=75,,,,,,,,
₪3890000,2.0,70,2,,הרב קוק,https://www.newhomeco.com/_next/image?url=https%3A%2F%2Fnewhomecoprod.wpenginepowered.com%2Fwp-content%2Fuploads%2FDivision%2FNorCal%2FTrails-at-Valley-Oak%2FModel-Photography%2FPlan-1%2F2342-10_Streetscene_TheTrails-NewHomeCo_EricFiggePhotos.jpg&w=3840&q=75,,,,,,,,
₪4000000,3.5,85,1,,נצח ישראל,https://www.newhomeco.com/_next/image?url=https%3A%2F%2Fnewhomecoprod.wpenginepowered.com%2Fwp-content%2Fuploads%2FDivision%2FNorCal%2FTrails-at-Valley-Oak%2FModel-Photography%2FPlan-1%2F2342-10_Streetscene_TheTrails-NewHomeCo_EricFiggePhotos.jpg&w=3840&q=75,,,,,,,,
₪4000000,2.0,71,1,,מנדלסון ,https://www.newhomeco.com/_next/image?url=https%3A%2F%2Fnewhomecoprod.wpenginepowered.com%2Fwp-content%2Fuploads%2FDivision%2FNorCal%2FTrails-at-Valley-Oak%2FModel-Photography%2FPlan-1%2F2342-10_Streetscene_TheTrails-NewHomeCo_EricFiggePhotos.jpg&w=3840&q=75,,,,,,,,
₪4200000,2.0,85,0,,פיארברג,https://www.newhomeco.com/_next/image?url=https%3A%2F%2Fnewhomecoprod.wpenginepowered.com%2Fwp-content%2Fuploads%2FDivision%2FNorCal%2FTrails-at-Valley-Oak%2FModel-Photography%2FPlan-1%2F2342-10_Streetscene_TheTrails-NewHomeCo_EricFiggePhotos.jpg&w=3840&q=75,,,,,,,,
₪4000000,3.0,84,0,,אמיל זולא ,https://www.newhomeco.com/_next/image?url=https%3A%2F%2Fnewhomecoprod.wpenginepowered.com%2Fwp-content%2Fuploads%2FDivision%2FNorCal%2FTrails-at-Valley-Oak%2FModel-Photography%2FPlan-1%2F2342-10_Streetscene_TheTrails-NewHomeCo_EricFiggePhotos.jpg&w=3840&q=75,,,,,,,,
₪4050000,3.0,78,1,,המליץ,https://www.newhomeco.com/_next/image?url=https%3A%2F%2Fnewhomecoprod.wpenginepowered.com%2Fwp-content%2Fuploads%2FDivision%2FNorCal%2FTrails-at-Valley-Oak%2FModel-Photography%2FPlan-1%2F2342-10_Streetscene_TheTrails-NewHomeCo_EricFiggePhotos.jpg&w=3840&q=75,,,,,,,,
₪4090000,3.0,85,1,,דיזנגוף,https://www.newhomeco.com/_next/image?url=https%3A%2F%2Fnewhomecoprod.wpenginepowered.com%2Fwp-content%2Fuploads%2FDivision%2FNorCal%2FTrails-at-Valley-Oak%2FModel-Photography%2FPlan-1%2F2342-10_Streetscene_TheTrails-NewHomeCo_EricFiggePhotos.jpg&w=3840&q=75,,,,,,,,
₪4100000,3.5,80,4,,דיזנגוף ,https://www.newhomeco.com/_next/image?url=https%3A%2F%2Fnewhomecoprod.wpenginepowered.com%2Fwp-content%2Fuploads%2FDivision%2FNorCal%2FTrails-at-Valley-Oak%2FModel-Photography%2FPlan-1%2F2342-10_Streetscene_TheTrails-NewHomeCo_EricFiggePhotos.jpg&w=3840&q=75,,,,,,,,
₪5150000,3.0,85,2,,ארבע ארצות ,https://www.newhomeco.com/_next/image?url=https%3A%2F%2Fnewhomecoprod.wpenginepowered.com%2Fwp-content%2Fuploads%2FDivision%2FNorCal%2FTrails-at-Valley-Oak%2FModel-Photography%2FPlan-1%2F2342-10_Streetscene_TheTrails-NewHomeCo_EricFiggePhotos.jpg&w=3840&q=75,,,,,,,,
₪4200000,2.0,85,3,,גדעון,https://www.newhomeco.com/_next/image?url=https%3A%2F%2Fnewhomecoprod.wpenginepowered.com%2Fwp-content%2Fuploads%2FDivision%2FNorCal%2FTrails-at-Valley-Oak%2FModel-Photography%2FPlan-1%2F2342-10_Streetscene_TheTrails-NewHomeCo_EricFiggePhotos.jpg&w=3840&q=75,,,,,,,,
₪4200000,2.5,88,3,,בר כוכבא,https://www.newhomeco.com/_next/image?url=https%3A%2F%2Fnewhomecoprod.wpenginepowered.com%2Fwp-content%2Fuploads%2FDivision%2FNorCal%2FTrails-at-Valley-Oak%2FModel-Photography%2FPlan-1%2F2342-10_Streetscene_TheTrails-NewHomeCo_EricFiggePhotos.jpg&w=3840&q=75,,,,,,,,
₪4200000,3.0,85,3,,ארלוזורוב ,https://www.newhomeco.com/_next/image?url=https%3A%2F%2Fnewhomecoprod.wpenginepowered.com%2Fwp-content%2Fuploads%2FDivision%2FNorCal%2FTrails-at-Valley-Oak%2FModel-Photography%2FPlan-1%2F2342-10_Streetscene_TheTrails-NewHomeCo_EricFiggePhotos.jpg&w=3840&q=75,,,,,,,,
₪4200000,3.0,86,3,,חובבי ציון ,https://www.newhomeco.com/_next/image?url=https%3A%2F%2Fnewhomecoprod.wpenginepowered.com%2Fwp-content%2Fuploads%2FDivision%2FNorCal%2FTrails-at-Valley-Oak%2FModel-Photography%2FPlan-1%2F2342-10_Streetscene_TheTrails-NewHomeCo_EricFiggePhotos.jpg&w=3840&q=75,,,,,,,,
₪4200000,3.5,80,2,,ישעיהו,https://www.newhomeco.com/_next/image?url=https%3A%2F%2Fnewhomecoprod.wpenginepowered.com%2Fwp-content%2Fuploads%2FDivision%2FNorCal%2FTrails-at-Valley-Oak%2FModel-Photography%2FPlan-1%2F2342-10_Streetscene_TheTrails-NewHomeCo_EricFiggePhotos.jpg&w=3840&q=75,,,,,,,,
₪4250000,3.0,72,2,,גליקסון ,https://www.newhomeco.com/_next/image?url=https%3A%2F%2Fnewhomecoprod.wpenginepowered.com%2Fwp-content%2Fuploads%2FDivision%2FNorCal%2FTrails-at-Valley-Oak%2FModel-Photography%2FPlan-1%2F2342-10_Streetscene_TheTrails-NewHomeCo_EricFiggePhotos.jpg&w=3840&q=75,,,,,,,,
₪4290000,2.0,75,1,,אדוארד ברנשטיין,https://www.newhomeco.com/_next/image?url=https%3A%2F%2Fnewhomecoprod.wpenginepowered.com%2Fwp-content%2Fuploads%2FDivision%2FNorCal%2FTrails-at-Valley-Oak%2FModel-Photography%2FPlan-1%2F2342-10_Streetscene_TheTrails-NewHomeCo_EricFiggePhotos.jpg&w=3840&q=75,,,,,,,,
₪4300000,3.0,85,3,,עזריא ,https://www.newhomeco.com/_next/image?url=https%3A%2F%2Fnewhomecoprod.wpenginepowered.com%2Fwp-content%2Fuploads%2FDivision%2FNorCal%2FTrails-at-Valley-Oak%2FModel-Photography%2FPlan-1%2F2342-10_Streetscene_TheTrails-NewHomeCo_EricFiggePhotos.jpg&w=3840&q=75,,,,,,,,
₪4300000,3.0,72,2,,ישעיהו,https://www.newhomeco.com/_next/image?url=https%3A%2F%2Fnewhomecoprod.wpenginepowered.com%2Fwp-content%2Fuploads%2FDivision%2FNorCal%2FTrails-at-Valley-Oak%2FModel-Photography%2FPlan-1%2F2342-10_Streetscene_TheTrails-NewHomeCo_EricFiggePhotos.jpg&w=3840&q=75,,,,,,,,
₪4300000,3.5,80,1,,הכובשים,https://www.newhomeco.com/_next/image?url=https%3A%2F%2Fnewhomecoprod.wpenginepowered.com%2Fwp-content%2Fuploads%2FDivision%2FNorCal%2FTrails-at-Valley-Oak%2FModel-Photography%2FPlan-1%2F2342-10_Streetscene_TheTrails-NewHomeCo_EricFiggePhotos.jpg&w=3840&q=75,,,,,,,,
₪4300000,3.0,72,4,,מנדלי ,https://www.newhomeco.com/_next/image?url=https%3A%2F%2Fnewhomecoprod.wpenginepowered.com%2Fwp-content%2Fuploads%2FDivision%2FNorCal%2FTrails-at-Valley-Oak%2FModel-Photography%2FPlan-1%2F2342-10_Streetscene_TheTrails-NewHomeCo_EricFiggePhotos.jpg&w=3840&q=75,,,,,,,,
₪4400000,3.0,70,2,,יהלל ,https://www.newhomeco.com/_next/image?url=https%3A%2F%2Fnewhomecoprod.wpenginepowered.com%2Fwp-content%2Fuploads%2FDivision%2FNorCal%2FTrails-at-Valley-Oak%2FModel-Photography%2FPlan-1%2F2342-10_Streetscene_TheTrails-NewHomeCo_EricFiggePhotos.jpg&w=3840&q=75,,,,,,,,
₪4400000,3.0,78,0,,מודיליאני ,https://www.newhomeco.com/_next/image?url=https%3A%2F%2Fnewhomecoprod.wpenginepowered.com%2Fwp-content%2Fuploads%2FDivision%2FNorCal%2FTrails-at-Valley-Oak%2FModel-Photography%2FPlan-1%2F2342-10_Streetscene_TheTrails-NewHomeCo_EricFiggePhotos.jpg&w=3840&q=75,,,,,,,,
₪4400000,3.0,71,10,,דיזנגוף ,https://www.newhomeco.com/_next/image?url=https%3A%2F%2Fnewhomecoprod.wpenginepowered.com%2Fwp-content%2Fuploads%2FDivision%2FNorCal%2FTrails-at-Valley-Oak%2FModel-Photography%2FPlan-1%2F2342-10_Streetscene_TheTrails-NewHomeCo_EricFiggePhotos.jpg&w=3840&q=75,,,,,,,,
₪4400000,3.0,91,2,,זמנהוף ,https://www.newhomeco.com/_next/image?url=https%3A%2F%2Fnewhomecoprod.wpenginepowered.com%2Fwp-content%2Fuploads%2FDivision%2FNorCal%2FTrails-at-Valley-Oak%2FModel-Photography%2FPlan-1%2F2342-10_Streetscene_TheTrails-NewHomeCo_EricFiggePhotos.jpg&w=3840&q=75,,,,,,,,
₪4420000,3.0,64,4,,עזרא הסופר,https://www.newhomeco.com/_next/image?url=https%3A%2F%2Fnewhomecoprod.wpenginepowered.com%2Fwp-content%2Fuploads%2FDivision%2FNorCal%2FTrails-at-Valley-Oak%2FModel-Photography%2FPlan-1%2F2342-10_Streetscene_TheTrails-NewHomeCo_EricFiggePhotos.jpg&w=3840&q=75,,,,,,,,
₪4450000,3.0,79,1,,נס ציונה,https://www.newhomeco.com/_next/image?url=https%3A%2F%2Fnewhomecoprod.wpenginepowered.com%2Fwp-content%2Fuploads%2FDivision%2FNorCal%2FTrails-at-Valley-Oak%2FModel-Photography%2FPlan-1%2F2342-10_Streetscene_TheTrails-NewHomeCo_EricFiggePhotos.jpg&w=3840&q=75,,,,,,,,
₪4500000,3.0,70,22,,גינדי מגדל,https://www.newhomeco.com/_next/image?url=https%3A%2F%2Fnewhomecoprod.wpenginepowered.com%2Fwp-content%2Fuploads%2FDivision%2FNorCal%2FTrails-at-Valley-Oak%2FModel-Photography%2FPlan-1%2F2342-10_Streetscene_TheTrails-NewHomeCo_EricFiggePhotos.jpg&w=3840&q=75,,,,,,,,
₪4500000,3.0,63,5,,בן יהודה,https://www.newhomeco.com/_next/image?url=https%3A%2F%2Fnewhomecoprod.wpenginepowered.com%2Fwp-content%2Fuploads%2FDivision%2FNorCal%2FTrails-at-Valley-Oak%2FModel-Photography%2FPlan-1%2F2342-10_Streetscene_TheTrails-NewHomeCo_EricFiggePhotos.jpg&w=3840&q=75,,,,,,,,
₪4500000,3.0,68,0,,עזרא הסופר,https://www.newhomeco.com/_next/image?url=https%3A%2F%2Fnewhomecoprod.wpenginepowered.com%2Fwp-content%2Fuploads%2FDivision%2FNorCal%2FTrails-at-Valley-Oak%2FModel-Photography%2FPlan-1%2F2342-10_Streetscene_TheTrails-NewHomeCo_EricFiggePhotos.jpg&w=3840&q=75,,,,,,,,
₪4500000,4.0,64,4,,דיזנגוף,https://www.newhomeco.com/_next/image?url=https%3A%2F%2Fnewhomecoprod.wpenginepowered.com%2Fwp-content%2Fuploads%2FDivision%2FNorCal%2FTrails-at-Valley-Oak%2FModel-Photography%2FPlan-1%2F2342-10_Streetscene_TheTrails-NewHomeCo_EricFiggePhotos.jpg&w=3840&q=75,,,,,,,,
₪4500000,4.0,90,3,,אבן גבירול ,https://www.newhomeco.com/_next/image?url=https%3A%2F%2Fnewhomecoprod.wpenginepowered.com%2Fwp-content%2Fuploads%2FDivision%2FNorCal%2FTrails-at-Valley-Oak%2FModel-Photography%2FPlan-1%2F2342-10_Streetscene_TheTrails-NewHomeCo_EricFiggePhotos.jpg&w=3840&q=75,,,,,,,,
₪4500000,3.0,89,4,,ה' באייר ,https://www.newhomeco.com/_next/image?url=https%3A%2F%2Fnewhomecoprod.wpenginepowered.com%2Fwp-content%2Fuploads%2FDivision%2FNorCal%2FTrails-at-Valley-Oak%2FModel-Photography%2FPlan-1%2F2342-10_Streetscene_TheTrails-NewHomeCo_EricFiggePhotos.jpg&w=3840&q=75,,,,,,,,
₪4500000,3.0,84,2,,קפלן ,https://www.newhomeco.com/_next/image?url=https%3A%2F%2Fnewhomecoprod.wpenginepowered.com%2Fwp-content%2Fuploads%2FDivision%2FNorCal%2FTrails-at-Valley-Oak%2FModel-Photography%2FPlan-1%2F2342-10_Streetscene_TheTrails-NewHomeCo_EricFiggePhotos.jpg&w=3840&q=75,,,,,,,,
₪4550000,3.5,80,3,,בלוך ,https://www.newhomeco.com/_next/image?url=https%3A%2F%2Fnewhomecoprod.wpenginepowered.com%2Fwp-content%2Fuploads%2FDivision%2FNorCal%2FTrails-at-Valley-Oak%2FModel-Photography%2FPlan-1%2F2342-10_Streetscene_TheTrails-NewHomeCo_EricFiggePhotos.jpg&w=3840&q=75,,,,,,,,
₪4550000,3.0,88,3,,יהודה הלוי,https://www.newhomeco.com/_next/image?url=https%3A%2F%2Fnewhomecoprod.wpenginepowered.com%2Fwp-content%2Fuploads%2FDivision%2FNorCal%2FTrails-at-Valley-Oak%2FModel-Photography%2FPlan-1%2F2342-10_Streetscene_TheTrails-NewHomeCo_EricFiggePhotos.jpg&w=3840&q=75,,,,,,,,
₪4600000,3.0,109,0,,זמנהוף,https://www.newhomeco.com/_next/image?url=https%3A%2F%2Fnewhomecoprod.wpenginepowered.com%2Fwp-content%2Fuploads%2FDivision%2FNorCal%2FTrails-at-Valley-Oak%2FModel-Photography%2FPlan-1%2F2342-10_Streetscene_TheTrails-NewHomeCo_EricFiggePhotos.jpg&w=3840&q=75,,,,,,,,
₪4600000,3.0,60,2,,שלומציון המלכה,https://www.newhomeco.com/_next/image?url=https%3A%2F%2Fnewhomecoprod.wpenginepowered.com%2Fwp-content%2Fuploads%2FDivision%2FNorCal%2FTrails-at-Valley-Oak%2FModel-Photography%2FPlan-1%2F2342-10_Streetscene_TheTrails-NewHomeCo_EricFiggePhotos.jpg&w=3840&q=75,,,,,,,,
₪4600000,4.0,110,10,,פנקס ,https://www.newhomeco.com/_next/image?url=https%3A%2F%2Fnewhomecoprod.wpenginepowered.com%2Fwp-content%2Fuploads%2FDivision%2FNorCal%2FTrails-at-Valley-Oak%2FModel-Photography%2FPlan-1%2F2342-10_Streetscene_TheTrails-NewHomeCo_EricFiggePhotos.jpg&w=3840&q=75,,,,,,,,
₪4600000,3.0,100,0,,צייטלין,https://www.newhomeco.com/_next/image?url=https%3A%2F%2Fnewhomecoprod.wpenginepowered.com%2Fwp-content%2Fuploads%2FDivision%2FNorCal%2FTrails-at-Valley-Oak%2FModel-Photography%2FPlan-1%2F2342-10_Streetscene_TheTrails-NewHomeCo_EricFiggePhotos.jpg&w=3840&q=75,,,,,,,,
₪4600000,3.0,84,1,,אנגל ,https://www.newhomeco.com/_next/image?url=https%3A%2F%2Fnewhomecoprod.wpenginepowered.com%2Fwp-content%2Fuploads%2FDivision%2FNorCal%2FTrails-at-Valley-Oak%2FModel-Photography%2FPlan-1%2F2342-10_Streetscene_TheTrails-NewHomeCo_EricFiggePhotos.jpg&w=3840&q=75,,,,,,,,
₪4650000,4.0,90,1,,דה האז ,https://www.newhomeco.com/_next/image?url=https%3A%2F%2Fnewhomecoprod.wpenginepowered.com%2Fwp-content%2Fuploads%2FDivision%2FNorCal%2FTrails-at-Valley-Oak%2FModel-Photography%2FPlan-1%2F2342-10_Streetscene_TheTrails-NewHomeCo_EricFiggePhotos.jpg&w=3840&q=75,,,,,,,,
₪4650000,3.0,89,0,,בילו ,https://www.newhomeco.com/_next/image?url=https%3A%2F%2Fnewhomecoprod.wpenginepowered.com%2Fwp-content%2Fuploads%2FDivision%2FNorCal%2FTrails-at-Valley-Oak%2FModel-Photography%2FPlan-1%2F2342-10_Streetscene_TheTrails-NewHomeCo_EricFiggePhotos.jpg&w=3840&q=75,,,,,,,,
₪4650000,4.0,85,0,,יהושע בן נון,https://www.newhomeco.com/_next/image?url=https%3A%2F%2Fnewhomecoprod.wpenginepowered.com%2Fwp-content%2Fuploads%2FDivision%2FNorCal%2FTrails-at-Valley-Oak%2FModel-Photography%2FPlan-1%2F2342-10_Streetscene_TheTrails-NewHomeCo_EricFiggePhotos.jpg&w=3840&q=75,,,,,,,,
₪4670000,3.5,83,1,,סוקולוב ,https://www.newhomeco.com/_next/image?url=https%3A%2F%2Fnewhomecoprod.wpenginepowered.com%2Fwp-content%2Fuploads%2FDivision%2FNorCal%2FTrails-at-Valley-Oak%2FModel-Photography%2FPlan-1%2F2342-10_Streetscene_TheTrails-NewHomeCo_EricFiggePhotos.jpg&w=3840&q=75,,,,,,,,
₪4690000,4.0,89,1,,ברנר ,https://www.newhomeco.com/_next/image?url=https%3A%2F%2Fnewhomecoprod.wpenginepowered.com%2Fwp-content%2Fuploads%2FDivision%2FNorCal%2FTrails-at-Valley-Oak%2FModel-Photography%2FPlan-1%2F2342-10_Streetscene_TheTrails-NewHomeCo_EricFiggePhotos.jpg&w=3840&q=75,,,,,,,,
₪4700000,3.0,93,4,,זלמן ,https://www.newhomeco.com/_next/image?url=https%3A%2F%2Fnewhomecoprod.wpenginepowered.com%2Fwp-content%2Fuploads%2FDivision%2FNorCal%2FTrails-at-Valley-Oak%2FModel-Photography%2FPlan-1%2F2342-10_Streetscene_TheTrails-NewHomeCo_EricFiggePhotos.jpg&w=3840&q=75,,,,,,,,
₪4700000,4.0,103,4,,דיזנגוף,https://www.newhomeco.com/_next/image?url=https%3A%2F%2Fnewhomecoprod.wpenginepowered.com%2Fwp-content%2Fuploads%2FDivision%2FNorCal%2FTrails-at-Valley-Oak%2FModel-Photography%2FPlan-1%2F2342-10_Streetscene_TheTrails-NewHomeCo_EricFiggePhotos.jpg&w=3840&q=75,,,,,,,,
₪4800000,3.0,91,1,,וילסון ,https://www.newhomeco.com/_next/image?url=https%3A%2F%2Fnewhomecoprod.wpenginepowered.com%2Fwp-content%2Fuploads%2FDivision%2FNorCal%2FTrails-at-Valley-Oak%2FModel-Photography%2FPlan-1%2F2342-10_Streetscene_TheTrails-NewHomeCo_EricFiggePhotos.jpg&w=3840&q=75,,,,,,,,
₪4800000,3.0,70,0,,טיומקין,https://www.newhomeco.com/_next/image?url=https%3A%2F%2Fnewhomecoprod.wpenginepowered.com%2Fwp-content%2Fuploads%2FDivision%2FNorCal%2FTrails-at-Valley-Oak%2FModel-Photography%2FPlan-1%2F2342-10_Streetscene_TheTrails-NewHomeCo_EricFiggePhotos.jpg&w=3840&q=75,,,,,,,,
₪4800000,3.5,98,2,,מסריק ,https://www.newhomeco.com/_next/image?url=https%3A%2F%2Fnewhomecoprod.wpenginepowered.com%2Fwp-content%2Fuploads%2FDivision%2FNorCal%2FTrails-at-Valley-Oak%2FModel-Photography%2FPlan-1%2F2342-10_Streetscene_TheTrails-NewHomeCo_EricFiggePhotos.jpg&w=3840&q=75,,,,,,,,
₪4790000,3.5,104,1,,אפשטיין  ,https://www.newhomeco.com/_next/image?url=https%3A%2F%2Fnewhomecoprod.wpenginepowered.com%2Fwp-content%2Fuploads%2FDivision%2FNorCal%2FTrails-at-Valley-Oak%2FModel-Photography%2FPlan-1%2F2342-10_Streetscene_TheTrails-NewHomeCo_EricFiggePhotos.jpg&w=3840&q=75,,,,,,,,
₪4800000,4.5,90,3,,בר כוכבא ,https://www.newhomeco.com/_next/image?url=https%3A%2F%2Fnewhomecoprod.wpenginepowered.com%2Fwp-content%2Fuploads%2FDivision%2FNorCal%2FTrails-at-Valley-Oak%2FModel-Photography%2FPlan-1%2F2342-10_Streetscene_TheTrails-NewHomeCo_EricFiggePhotos.jpg&w=3840&q=75,,,,,,,,
₪4500000,4.0,110,4,, מסריק ,https://www.newhomeco.com/_next/image?url=https%3A%2F%2Fnewhomecoprod.wpenginepowered.com%2Fwp-content%2Fuploads%2FDivision%2FNorCal%2FTrails-at-Valley-Oak%2FModel-Photography%2FPlan-1%2F2342-10_Streetscene_TheTrails-NewHomeCo_EricFiggePhotos.jpg&w=3840&q=75,,,,,,,,
₪4900000,4.0,98,4,,דובנוב,https://www.newhomeco.com/_next/image?url=https%3A%2F%2Fnewhomecoprod.wpenginepowered.com%2Fwp-content%2Fuploads%2FDivision%2FNorCal%2FTrails-at-Valley-Oak%2FModel-Photography%2FPlan-1%2F2342-10_Streetscene_TheTrails-NewHomeCo_EricFiggePhotos.jpg&w=3840&q=75,,,,,,,,
₪4900000,3.0,96,0,,מנדלי ,https://www.newhomeco.com/_next/image?url=https%3A%2F%2Fnewhomecoprod.wpenginepowered.com%2Fwp-content%2Fuploads%2FDivision%2FNorCal%2FTrails-at-Valley-Oak%2FModel-Photography%2FPlan-1%2F2342-10_Streetscene_TheTrails-NewHomeCo_EricFiggePhotos.jpg&w=3840&q=75,,,,,,,,
₪4900000,3.5,88,1,,פינסקר ,https://www.newhomeco.com/_next/image?url=https%3A%2F%2Fnewhomecoprod.wpenginepowered.com%2Fwp-content%2Fuploads%2FDivision%2FNorCal%2FTrails-at-Valley-Oak%2FModel-Photography%2FPlan-1%2F2342-10_Streetscene_TheTrails-NewHomeCo_EricFiggePhotos.jpg&w=3840&q=75,,,,,,,,
₪4900000,3.5,102,1,,נחמני ,https://www.newhomeco.com/_next/image?url=https%3A%2F%2Fnewhomecoprod.wpenginepowered.com%2Fwp-content%2Fuploads%2FDivision%2FNorCal%2FTrails-at-Valley-Oak%2FModel-Photography%2FPlan-1%2F2342-10_Streetscene_TheTrails-NewHomeCo_EricFiggePhotos.jpg&w=3840&q=75,,,,,,,,
₪4950000,3.0,76,4,,עזרא הסופר,https://www.newhomeco.com/_next/image?url=https%3A%2F%2Fnewhomecoprod.wpenginepowered.com%2Fwp-content%2Fuploads%2FDivision%2FNorCal%2FTrails-at-Valley-Oak%2FModel-Photography%2FPlan-1%2F2342-10_Streetscene_TheTrails-NewHomeCo_EricFiggePhotos.jpg&w=3840&q=75,,,,,,,,
₪5000000,3.0,96,1,,גורדון ,https://www.newhomeco.com/_next/image?url=https%3A%2F%2Fnewhomecoprod.wpenginepowered.com%2Fwp-content%2Fuploads%2FDivision%2FNorCal%2FTrails-at-Valley-Oak%2FModel-Photography%2FPlan-1%2F2342-10_Streetscene_TheTrails-NewHomeCo_EricFiggePhotos.jpg&w=3840&q=75,,,,,,,,
₪5000000,3.0,85,1,,בוקי בן יגלי ,https://www.newhomeco.com/_next/image?url=https%3A%2F%2Fnewhomecoprod.wpenginepowered.com%2Fwp-content%2Fuploads%2FDivision%2FNorCal%2FTrails-at-Valley-Oak%2FModel-Photography%2FPlan-1%2F2342-10_Streetscene_TheTrails-NewHomeCo_EricFiggePhotos.jpg&w=3840&q=75,,,,,,,,
₪5000000,3.0,87,1,,סמאטס ,https://www.newhomeco.com/_next/image?url=https%3A%2F%2Fnewhomecoprod.wpenginepowered.com%2Fwp-content%2Fuploads%2FDivision%2FNorCal%2FTrails-at-Valley-Oak%2FModel-Photography%2FPlan-1%2F2342-10_Streetscene_TheTrails-NewHomeCo_EricFiggePhotos.jpg&w=3840&q=75,,,,,,,,
₪5000000,4.0,94,4,,ה' באייר ,https://www.newhomeco.com/_next/image?url=https%3A%2F%2Fnewhomecoprod.wpenginepowered.com%2Fwp-content%2Fuploads%2FDivision%2FNorCal%2FTrails-at-Valley-Oak%2FModel-Photography%2FPlan-1%2F2342-10_Streetscene_TheTrails-NewHomeCo_EricFiggePhotos.jpg&w=3840&q=75,,,,,,,,
₪5000000,3.0,85,1,,בצלאל ,https://www.newhomeco.com/_next/image?url=https%3A%2F%2Fnewhomecoprod.wpenginepowered.com%2Fwp-content%2Fuploads%2FDivision%2FNorCal%2FTrails-at-Valley-Oak%2FModel-Photography%2FPlan-1%2F2342-10_Streetscene_TheTrails-NewHomeCo_EricFiggePhotos.jpg&w=3840&q=75,,,,,,,,
₪5000000,4.0,94,2,,הירקון,https://www.newhomeco.com/_next/image?url=https%3A%2F%2Fnewhomecoprod.wpenginepowered.com%2Fwp-content%2Fuploads%2FDivision%2FNorCal%2FTrails-at-Valley-Oak%2FModel-Photography%2FPlan-1%2F2342-10_Streetscene_TheTrails-NewHomeCo_EricFiggePhotos.jpg&w=3840&q=75,,,,,,,,
₪5000000,3.0,78,1,,רות 7,https://www.newhomeco.com/_next/image?url=https%3A%2F%2Fnewhomecoprod.wpenginepowered.com%2Fwp-content%2Fuploads%2FDivision%2FNorCal%2FTrails-at-Valley-Oak%2FModel-Photography%2FPlan-1%2F2342-10_Streetscene_TheTrails-NewHomeCo_EricFiggePhotos.jpg&w=3840&q=75,,,,,,,,
₪5000000,3.0,104,0,,טהון ,https://www.newhomeco.com/_next/image?url=https%3A%2F%2Fnewhomecoprod.wpenginepowered.com%2Fwp-content%2Fuploads%2FDivision%2FNorCal%2FTrails-at-Valley-Oak%2FModel-Photography%2FPlan-1%2F2342-10_Streetscene_TheTrails-NewHomeCo_EricFiggePhotos.jpg&w=3840&q=75,,,,,,,,
₪5050000,4.0,117,0,,נחמני ,https://www.newhomeco.com/_next/image?url=https%3A%2F%2Fnewhomecoprod.wpenginepowered.com%2Fwp-content%2Fuploads%2FDivision%2FNorCal%2FTrails-at-Valley-Oak%2FModel-Photography%2FPlan-1%2F2342-10_Streetscene_TheTrails-NewHomeCo_EricFiggePhotos.jpg&w=3840&q=75,,,,,,,,
₪5150000,3.0,102,2,,הרמן כהן ,https://www.newhomeco.com/_next/image?url=https%3A%2F%2Fnewhomecoprod.wpenginepowered.com%2Fwp-content%2Fuploads%2FDivision%2FNorCal%2FTrails-at-Valley-Oak%2FModel-Photography%2FPlan-1%2F2342-10_Streetscene_TheTrails-NewHomeCo_EricFiggePhotos.jpg&w=3840&q=75,,,,,,,,
₪5200000,3.0,100,1,,ויזל ,https://www.newhomeco.com/_next/image?url=https%3A%2F%2Fnewhomecoprod.wpenginepowered.com%2Fwp-content%2Fuploads%2FDivision%2FNorCal%2FTrails-at-Valley-Oak%2FModel-Photography%2FPlan-1%2F2342-10_Streetscene_TheTrails-NewHomeCo_EricFiggePhotos.jpg&w=3840&q=75,,,,,,,,
₪5250000,3.5,110,3,,לכיש ,https://www.newhomeco.com/_next/image?url=https%3A%2F%2Fnewhomecoprod.wpenginepowered.com%2Fwp-content%2Fuploads%2FDivision%2FNorCal%2FTrails-at-Valley-Oak%2FModel-Photography%2FPlan-1%2F2342-10_Streetscene_TheTrails-NewHomeCo_EricFiggePhotos.jpg&w=3840&q=75,,,,,,,,
₪5250000,4.0,95,3,,מיכה ,https://www.newhomeco.com/_next/image?url=https%3A%2F%2Fnewhomecoprod.wpenginepowered.com%2Fwp-content%2Fuploads%2FDivision%2FNorCal%2FTrails-at-Valley-Oak%2FModel-Photography%2FPlan-1%2F2342-10_Streetscene_TheTrails-NewHomeCo_EricFiggePhotos.jpg&w=3840&q=75,,,,,,,,
₪5250000,3.0,82,0,,לואי מרשל ,https://www.newhomeco.com/_next/image?url=https%3A%2F%2Fnewhomecoprod.wpenginepowered.com%2Fwp-content%2Fuploads%2FDivision%2FNorCal%2FTrails-at-Valley-Oak%2FModel-Photography%2FPlan-1%2F2342-10_Streetscene_TheTrails-NewHomeCo_EricFiggePhotos.jpg&w=3840&q=75,,,,,,,,
₪5300000,3.5,93,4,,"מזא""ה ",https://www.newhomeco.com/_next/image?url=https%3A%2F%2Fnewhomecoprod.wpenginepowered.com%2Fwp-content%2Fuploads%2FDivision%2FNorCal%2FTrails-at-Valley-Oak%2FModel-Photography%2FPlan-1%2F2342-10_Streetscene_TheTrails-NewHomeCo_EricFiggePhotos.jpg&w=3840&q=75,,,,,,,,
₪5300000,3.0,88,5,,מוזיר ,https://www.newhomeco.com/_next/image?url=https%3A%2F%2Fnewhomecoprod.wpenginepowered.com%2Fwp-content%2Fuploads%2FDivision%2FNorCal%2FTrails-at-Valley-Oak%2FModel-Photography%2FPlan-1%2F2342-10_Streetscene_TheTrails-NewHomeCo_EricFiggePhotos.jpg&w=3840&q=75,,,,,,,,
₪5300000,4.0,89,3,,דה האז,https://www.newhomeco.com/_next/image?url=https%3A%2F%2Fnewhomecoprod.wpenginepowered.com%2Fwp-content%2Fuploads%2FDivision%2FNorCal%2FTrails-at-Valley-Oak%2FModel-Photography%2FPlan-1%2F2342-10_Streetscene_TheTrails-NewHomeCo_EricFiggePhotos.jpg&w=3840&q=75,,,,,,,,
₪5400000,3.0,99,1,,נחמני ,https://www.newhomeco.com/_next/image?url=https%3A%2F%2Fnewhomecoprod.wpenginepowered.com%2Fwp-content%2Fuploads%2FDivision%2FNorCal%2FTrails-at-Valley-Oak%2FModel-Photography%2FPlan-1%2F2342-10_Streetscene_TheTrails-NewHomeCo_EricFiggePhotos.jpg&w=3840&q=75,,,,,,,,
₪5400000,4.0,96,4,,בר כוכבא,https://www.newhomeco.com/_next/image?url=https%3A%2F%2Fnewhomecoprod.wpenginepowered.com%2Fwp-content%2Fuploads%2FDivision%2FNorCal%2FTrails-at-Valley-Oak%2FModel-Photography%2FPlan-1%2F2342-10_Streetscene_TheTrails-NewHomeCo_EricFiggePhotos.jpg&w=3840&q=75,,,,,,,,
₪5400000,4.0,99,3,,קליי,https://www.newhomeco.com/_next/image?url=https%3A%2F%2Fnewhomecoprod.wpenginepowered.com%2Fwp-content%2Fuploads%2FDivision%2FNorCal%2FTrails-at-Valley-Oak%2FModel-Photography%2FPlan-1%2F2342-10_Streetscene_TheTrails-NewHomeCo_EricFiggePhotos.jpg&w=3840&q=75,,,,,,,,
₪5450000,4.0,102,2,,פיארברג ,https://www.newhomeco.com/_next/image?url=https%3A%2F%2Fnewhomecoprod.wpenginepowered.com%2Fwp-content%2Fuploads%2FDivision%2FNorCal%2FTrails-at-Valley-Oak%2FModel-Photography%2FPlan-1%2F2342-10_Streetscene_TheTrails-NewHomeCo_EricFiggePhotos.jpg&w=3840&q=75,,,,,,,,
₪5470000,3.0,82,4,,עזרא הסופר ,https://www.newhomeco.com/_next/image?url=https%3A%2F%2Fnewhomecoprod.wpenginepowered.com%2Fwp-content%2Fuploads%2FDivision%2FNorCal%2FTrails-at-Valley-Oak%2FModel-Photography%2FPlan-1%2F2342-10_Streetscene_TheTrails-NewHomeCo_EricFiggePhotos.jpg&w=3840&q=75,,,,,,,,
₪5500000,3.5,92,3,,חיסין,https://www.newhomeco.com/_next/image?url=https%3A%2F%2Fnewhomecoprod.wpenginepowered.com%2Fwp-content%2Fuploads%2FDivision%2FNorCal%2FTrails-at-Valley-Oak%2FModel-Photography%2FPlan-1%2F2342-10_Streetscene_TheTrails-NewHomeCo_EricFiggePhotos.jpg&w=3840&q=75,,,,,,,,
₪5500000,3.0,97,3,,ארלוזורוב ,https://www.newhomeco.com/_next/image?url=https%3A%2F%2Fnewhomecoprod.wpenginepowered.com%2Fwp-content%2Fuploads%2FDivision%2FNorCal%2FTrails-at-Valley-Oak%2FModel-Photography%2FPlan-1%2F2342-10_Streetscene_TheTrails-NewHomeCo_EricFiggePhotos.jpg&w=3840&q=75,,,,,,,,
₪5500000,5.0,115,3,,"השל""ה ",https://www.newhomeco.com/_next/image?url=https%3A%2F%2Fnewhomecoprod.wpenginepowered.com%2Fwp-content%2Fuploads%2FDivision%2FNorCal%2FTrails-at-Valley-Oak%2FModel-Photography%2FPlan-1%2F2342-10_Streetscene_TheTrails-NewHomeCo_EricFiggePhotos.jpg&w=3840&q=75,,,,,,,,
₪5550000,4.0,102,1,,זמנהוף,https://www.newhomeco.com/_next/image?url=https%3A%2F%2Fnewhomecoprod.wpenginepowered.com%2Fwp-content%2Fuploads%2FDivision%2FNorCal%2FTrails-at-Valley-Oak%2FModel-Photography%2FPlan-1%2F2342-10_Streetscene_TheTrails-NewHomeCo_EricFiggePhotos.jpg&w=3840&q=75,,,,,,,,
₪5550000,3.0,117,2,,לוריא,https://www.newhomeco.com/_next/image?url=https%3A%2F%2Fnewhomecoprod.wpenginepowered.com%2Fwp-content%2Fuploads%2FDivision%2FNorCal%2FTrails-at-Valley-Oak%2FModel-Photography%2FPlan-1%2F2342-10_Streetscene_TheTrails-NewHomeCo_EricFiggePhotos.jpg&w=3840&q=75,,,,,,,,
₪5600000,4.0,99,2,,בילטמור ,https://www.newhomeco.com/_next/image?url=https%3A%2F%2Fnewhomecoprod.wpenginepowered.com%2Fwp-content%2Fuploads%2FDivision%2FNorCal%2FTrails-at-Valley-Oak%2FModel-Photography%2FPlan-1%2F2342-10_Streetscene_TheTrails-NewHomeCo_EricFiggePhotos.jpg&w=3840&q=75,,,,,,,,
₪5600000,4.0,112,1,,אלישיב,https://www.newhomeco.com/_next/image?url=https%3A%2F%2Fnewhomecoprod.wpenginepowered.com%2Fwp-content%2Fuploads%2FDivision%2FNorCal%2FTrails-at-Valley-Oak%2FModel-Photography%2FPlan-1%2F2342-10_Streetscene_TheTrails-NewHomeCo_EricFiggePhotos.jpg&w=3840&q=75,,,,,,,,
₪5600000,5.0,102,10,,גינדי ,https://www.newhomeco.com/_next/image?url=https%3A%2F%2Fnewhomecoprod.wpenginepowered.com%2Fwp-content%2Fuploads%2FDivision%2FNorCal%2FTrails-at-Valley-Oak%2FModel-Photography%2FPlan-1%2F2342-10_Streetscene_TheTrails-NewHomeCo_EricFiggePhotos.jpg&w=3840&q=75,,,,,,,,
₪5600000,4.0,102,3,,זרובבל,https://www.newhomeco.com/_next/image?url=https%3A%2F%2Fnewhomecoprod.wpenginepowered.com%2Fwp-content%2Fuploads%2FDivision%2FNorCal%2FTrails-at-Valley-Oak%2FModel-Photography%2FPlan-1%2F2342-10_Streetscene_TheTrails-NewHomeCo_EricFiggePhotos.jpg&w=3840&q=75,,,,,,,,
₪5627000,3.0,80,0,,לואי מרשל,https://www.newhomeco.com/_next/image?url=https%3A%2F%2Fnewhomecoprod.wpenginepowered.com%2Fwp-content%2Fuploads%2FDivision%2FNorCal%2FTrails-at-Valley-Oak%2FModel-Photography%2FPlan-1%2F2342-10_Streetscene_TheTrails-NewHomeCo_EricFiggePhotos.jpg&w=3840&q=75,,,,,,,,
₪5700000,3.0,105,2,,רוזנבוים ,https://www.newhomeco.com/_next/image?url=https%3A%2F%2Fnewhomecoprod.wpenginepowered.com%2Fwp-content%2Fuploads%2FDivision%2FNorCal%2FTrails-at-Valley-Oak%2FModel-Photography%2FPlan-1%2F2342-10_Streetscene_TheTrails-NewHomeCo_EricFiggePhotos.jpg&w=3840&q=75,,,,,,,,
₪5700000,5.0,108,3,,פרישמן ,https://www.newhomeco.com/_next/image?url=https%3A%2F%2Fnewhomecoprod.wpenginepowered.com%2Fwp-content%2Fuploads%2FDivision%2FNorCal%2FTrails-at-Valley-Oak%2FModel-Photography%2FPlan-1%2F2342-10_Streetscene_TheTrails-NewHomeCo_EricFiggePhotos.jpg&w=3840&q=75,,,,,,,,
₪5800000,4.0,89,2,,דה האז ,https://www.newhomeco.com/_next/image?url=https%3A%2F%2Fnewhomecoprod.wpenginepowered.com%2Fwp-content%2Fuploads%2FDivision%2FNorCal%2FTrails-at-Valley-Oak%2FModel-Photography%2FPlan-1%2F2342-10_Streetscene_TheTrails-NewHomeCo_EricFiggePhotos.jpg&w=3840&q=75,,,,,,,,
₪5850000,5.0,117,2,,טשרניחובסקי ,https://www.newhomeco.com/_next/image?url=https%3A%2F%2Fnewhomecoprod.wpenginepowered.com%2Fwp-content%2Fuploads%2FDivision%2FNorCal%2FTrails-at-Valley-Oak%2FModel-Photography%2FPlan-1%2F2342-10_Streetscene_TheTrails-NewHomeCo_EricFiggePhotos.jpg&w=3840&q=75,,,,,,,,
₪6000000,5.5,119,6,,נמיר ,https://www.newhomeco.com/_next/image?url=https%3A%2F%2Fnewhomecoprod.wpenginepowered.com%2Fwp-content%2Fuploads%2FDivision%2FNorCal%2FTrails-at-Valley-Oak%2FModel-Photography%2FPlan-1%2F2342-10_Streetscene_TheTrails-NewHomeCo_EricFiggePhotos.jpg&w=3840&q=75,,,,,,,,
₪6000000,4.0,110,5,,אפשטיין  ,https://www.newhomeco.com/_next/image?url=https%3A%2F%2Fnewhomecoprod.wpenginepowered.com%2Fwp-content%2Fuploads%2FDivision%2FNorCal%2FTrails-at-Valley-Oak%2FModel-Photography%2FPlan-1%2F2342-10_Streetscene_TheTrails-NewHomeCo_EricFiggePhotos.jpg&w=3840&q=75,,,,,,,,
₪6000000,3.5,82,5,,קוסובסקי ,https://www.newhomeco.com/_next/image?url=https%3A%2F%2Fnewhomecoprod.wpenginepowered.com%2Fwp-content%2Fuploads%2FDivision%2FNorCal%2FTrails-at-Valley-Oak%2FModel-Photography%2FPlan-1%2F2342-10_Streetscene_TheTrails-NewHomeCo_EricFiggePhotos.jpg&w=3840&q=75,,,,,,,,
₪6000000,4.0,115,1,,הס ,https://www.newhomeco.com/_next/image?url=https%3A%2F%2Fnewhomecoprod.wpenginepowered.com%2Fwp-content%2Fuploads%2FDivision%2FNorCal%2FTrails-at-Valley-Oak%2FModel-Photography%2FPlan-1%2F2342-10_Streetscene_TheTrails-NewHomeCo_EricFiggePhotos.jpg&w=3840&q=75,,,,,,,,
₪6000000,4.5,106,0,,בן גוריון,https://www.newhomeco.com/_next/image?url=https%3A%2F%2Fnewhomecoprod.wpenginepowered.com%2Fwp-content%2Fuploads%2FDivision%2FNorCal%2FTrails-at-Valley-Oak%2FModel-Photography%2FPlan-1%2F2342-10_Streetscene_TheTrails-NewHomeCo_EricFiggePhotos.jpg&w=3840&q=75,,,,,,,,
₪6000000,3.0,85,6,,נמיר ,https://www.newhomeco.com/_next/image?url=https%3A%2F%2Fnewhomecoprod.wpenginepowered.com%2Fwp-content%2Fuploads%2FDivision%2FNorCal%2FTrails-at-Valley-Oak%2FModel-Photography%2FPlan-1%2F2342-10_Streetscene_TheTrails-NewHomeCo_EricFiggePhotos.jpg&w=3840&q=75,,,,,,,,
₪6000000,3.5,104,0,,בלפור ,https://www.newhomeco.com/_next/image?url=https%3A%2F%2Fnewhomecoprod.wpenginepowered.com%2Fwp-content%2Fuploads%2FDivision%2FNorCal%2FTrails-at-Valley-Oak%2FModel-Photography%2FPlan-1%2F2342-10_Streetscene_TheTrails-NewHomeCo_EricFiggePhotos.jpg&w=3840&q=75,,,,,,,,
₪6000000,3.0,82,2,,הרברט סמואל,https://www.newhomeco.com/_next/image?url=https%3A%2F%2Fnewhomecoprod.wpenginepowered.com%2Fwp-content%2Fuploads%2FDivision%2FNorCal%2FTrails-at-Valley-Oak%2FModel-Photography%2FPlan-1%2F2342-10_Streetscene_TheTrails-NewHomeCo_EricFiggePhotos.jpg&w=3840&q=75,,,,,,,,
₪6200000,4.0,108,5,,רמברנדט ,https://www.newhomeco.com/_next/image?url=https%3A%2F%2Fnewhomecoprod.wpenginepowered.com%2Fwp-content%2Fuploads%2FDivision%2FNorCal%2FTrails-at-Valley-Oak%2FModel-Photography%2FPlan-1%2F2342-10_Streetscene_TheTrails-NewHomeCo_EricFiggePhotos.jpg&w=3840&q=75,,,,,,,,
₪6200000,4.0,107,1,,הנביאים ,https://www.newhomeco.com/_next/image?url=https%3A%2F%2Fnewhomecoprod.wpenginepowered.com%2Fwp-content%2Fuploads%2FDivision%2FNorCal%2FTrails-at-Valley-Oak%2FModel-Photography%2FPlan-1%2F2342-10_Streetscene_TheTrails-NewHomeCo_EricFiggePhotos.jpg&w=3840&q=75,,,,,,,,
₪6200000,4.0,108,2,,ויסוצקי ,https://www.newhomeco.com/_next/image?url=https%3A%2F%2Fnewhomecoprod.wpenginepowered.com%2Fwp-content%2Fuploads%2FDivision%2FNorCal%2FTrails-at-Valley-Oak%2FModel-Photography%2FPlan-1%2F2342-10_Streetscene_TheTrails-NewHomeCo_EricFiggePhotos.jpg&w=3840&q=75,,,,,,,,
₪6250000,4.0,104,3,,אלכסנדר,https://www.newhomeco.com/_next/image?url=https%3A%2F%2Fnewhomecoprod.wpenginepowered.com%2Fwp-content%2Fuploads%2FDivision%2FNorCal%2FTrails-at-Valley-Oak%2FModel-Photography%2FPlan-1%2F2342-10_Streetscene_TheTrails-NewHomeCo_EricFiggePhotos.jpg&w=3840&q=75,,,,,,,,
₪6300000,4.0,105,4,,זכרון יעקב ,https://www.newhomeco.com/_next/image?url=https%3A%2F%2Fnewhomecoprod.wpenginepowered.com%2Fwp-content%2Fuploads%2FDivision%2FNorCal%2FTrails-at-Valley-Oak%2FModel-Photography%2FPlan-1%2F2342-10_Streetscene_TheTrails-NewHomeCo_EricFiggePhotos.jpg&w=3840&q=75,,,,,,,,
₪6300000,4.0,91,7,,לואי מרשל ,https://www.newhomeco.com/_next/image?url=https%3A%2F%2Fnewhomecoprod.wpenginepowered.com%2Fwp-content%2Fuploads%2FDivision%2FNorCal%2FTrails-at-Valley-Oak%2FModel-Photography%2FPlan-1%2F2342-10_Streetscene_TheTrails-NewHomeCo_EricFiggePhotos.jpg&w=3840&q=75,,,,,,,,
₪6400000,5.0,118,5,,בארי ,https://www.newhomeco.com/_next/image?url=https%3A%2F%2Fnewhomecoprod.wpenginepowered.com%2Fwp-content%2Fuploads%2FDivision%2FNorCal%2FTrails-at-Valley-Oak%2FModel-Photography%2FPlan-1%2F2342-10_Streetscene_TheTrails-NewHomeCo_EricFiggePhotos.jpg&w=3840&q=75,,,,,,,,
₪6400000,4.0,120,5,,משה שרת,https://www.newhomeco.com/_next/image?url=https%3A%2F%2Fnewhomecoprod.wpenginepowered.com%2Fwp-content%2Fuploads%2FDivision%2FNorCal%2FTrails-at-Valley-Oak%2FModel-Photography%2FPlan-1%2F2342-10_Streetscene_TheTrails-NewHomeCo_EricFiggePhotos.jpg&w=3840&q=75,,,,,,,,
₪6450000,4.0,102,0,,לואי מרשל ,https://www.newhomeco.com/_next/image?url=https%3A%2F%2Fnewhomecoprod.wpenginepowered.com%2Fwp-content%2Fuploads%2FDivision%2FNorCal%2FTrails-at-Valley-Oak%2FModel-Photography%2FPlan-1%2F2342-10_Streetscene_TheTrails-NewHomeCo_EricFiggePhotos.jpg&w=3840&q=75,,,,,,,,
₪6500000,3.0,125,6,,הזוהר ,https://www.newhomeco.com/_next/image?url=https%3A%2F%2Fnewhomecoprod.wpenginepowered.com%2Fwp-content%2Fuploads%2FDivision%2FNorCal%2FTrails-at-Valley-Oak%2FModel-Photography%2FPlan-1%2F2342-10_Streetscene_TheTrails-NewHomeCo_EricFiggePhotos.jpg&w=3840&q=75,,,,,,,,
₪6500000,5.0,144,1,,חובבי ציון ,https://www.newhomeco.com/_next/image?url=https%3A%2F%2Fnewhomecoprod.wpenginepowered.com%2Fwp-content%2Fuploads%2FDivision%2FNorCal%2FTrails-at-Valley-Oak%2FModel-Photography%2FPlan-1%2F2342-10_Streetscene_TheTrails-NewHomeCo_EricFiggePhotos.jpg&w=3840&q=75,,,,,,,,
₪6500000,4.0,95,0,,גינדי,https://www.newhomeco.com/_next/image?url=https%3A%2F%2Fnewhomecoprod.wpenginepowered.com%2Fwp-content%2Fuploads%2FDivision%2FNorCal%2FTrails-at-Valley-Oak%2FModel-Photography%2FPlan-1%2F2342-10_Streetscene_TheTrails-NewHomeCo_EricFiggePhotos.jpg&w=3840&q=75,,,,,,,,
₪6500000,3.0,65,1,,הרברט סמואל,https://www.newhomeco.com/_next/image?url=https%3A%2F%2Fnewhomecoprod.wpenginepowered.com%2Fwp-content%2Fuploads%2FDivision%2FNorCal%2FTrails-at-Valley-Oak%2FModel-Photography%2FPlan-1%2F2342-10_Streetscene_TheTrails-NewHomeCo_EricFiggePhotos.jpg&w=3840&q=75,,,,,,,,
₪6500000,2.0,107,3,,חוני המעגל,https://www.newhomeco.com/_next/image?url=https%3A%2F%2Fnewhomecoprod.wpenginepowered.com%2Fwp-content%2Fuploads%2FDivision%2FNorCal%2FTrails-at-Valley-Oak%2FModel-Photography%2FPlan-1%2F2342-10_Streetscene_TheTrails-NewHomeCo_EricFiggePhotos.jpg&w=3840&q=75,,,,,,,,
₪6500000,4.0,107,5,,רמברנדט ,https://www.newhomeco.com/_next/image?url=https%3A%2F%2Fnewhomecoprod.wpenginepowered.com%2Fwp-content%2Fuploads%2FDivision%2FNorCal%2FTrails-at-Valley-Oak%2FModel-Photography%2FPlan-1%2F2342-10_Streetscene_TheTrails-NewHomeCo_EricFiggePhotos.jpg&w=3840&q=75,,,,,,,,
₪6550000,4.0,102,,,גינדי ,https://www.newhomeco.com/_next/image?url=https%3A%2F%2Fnewhomecoprod.wpenginepowered.com%2Fwp-content%2Fuploads%2FDivision%2FNorCal%2FTrails-at-Valley-Oak%2FModel-Photography%2FPlan-1%2F2342-10_Streetscene_TheTrails-NewHomeCo_EricFiggePhotos.jpg&w=3840&q=75,,,,,,,,
₪6600000,4.0,108,5,,רמברנט,https://www.newhomeco.com/_next/image?url=https%3A%2F%2Fnewhomecoprod.wpenginepowered.com%2Fwp-content%2Fuploads%2FDivision%2FNorCal%2FTrails-at-Valley-Oak%2FModel-Photography%2FPlan-1%2F2342-10_Streetscene_TheTrails-NewHomeCo_EricFiggePhotos.jpg&w=3840&q=75,,,,,,,,
₪6600000,5.0,120,2,,שפירא ,https://www.newhomeco.com/_next/image?url=https%3A%2F%2Fnewhomecoprod.wpenginepowered.com%2Fwp-content%2Fuploads%2FDivision%2FNorCal%2FTrails-at-Valley-Oak%2FModel-Photography%2FPlan-1%2F2342-10_Streetscene_TheTrails-NewHomeCo_EricFiggePhotos.jpg&w=3840&q=75,,,,,,,,
₪6800000,4.0,104,1,,משה שרת ,https://www.newhomeco.com/_next/image?url=https%3A%2F%2Fnewhomecoprod.wpenginepowered.com%2Fwp-content%2Fuploads%2FDivision%2FNorCal%2FTrails-at-Valley-Oak%2FModel-Photography%2FPlan-1%2F2342-10_Streetscene_TheTrails-NewHomeCo_EricFiggePhotos.jpg&w=3840&q=75,,,,,,,,
₪6800000,4.0,107,5,,בלוך,https://www.newhomeco.com/_next/image?url=https%3A%2F%2Fnewhomecoprod.wpenginepowered.com%2Fwp-content%2Fuploads%2FDivision%2FNorCal%2FTrails-at-Valley-Oak%2FModel-Photography%2FPlan-1%2F2342-10_Streetscene_TheTrails-NewHomeCo_EricFiggePhotos.jpg&w=3840&q=75,,,,,,,,
₪6850000,3.5,113,2,,חיסין ,https://www.newhomeco.com/_next/image?url=https%3A%2F%2Fnewhomecoprod.wpenginepowered.com%2Fwp-content%2Fuploads%2FDivision%2FNorCal%2FTrails-at-Valley-Oak%2FModel-Photography%2FPlan-1%2F2342-10_Streetscene_TheTrails-NewHomeCo_EricFiggePhotos.jpg&w=3840&q=75,,,,,,,,
₪7000000,3.0,115,2,,שדרות רוטשילד ,https://www.newhomeco.com/_next/image?url=https%3A%2F%2Fnewhomecoprod.wpenginepowered.com%2Fwp-content%2Fuploads%2FDivision%2FNorCal%2FTrails-at-Valley-Oak%2FModel-Photography%2FPlan-1%2F2342-10_Streetscene_TheTrails-NewHomeCo_EricFiggePhotos.jpg&w=3840&q=75,,,,,,,,
₪7000000,5.0,140,3,,שלמה המלך ,https://www.newhomeco.com/_next/image?url=https%3A%2F%2Fnewhomecoprod.wpenginepowered.com%2Fwp-content%2Fuploads%2FDivision%2FNorCal%2FTrails-at-Valley-Oak%2FModel-Photography%2FPlan-1%2F2342-10_Streetscene_TheTrails-NewHomeCo_EricFiggePhotos.jpg&w=3840&q=75,,,,,,,,
₪6660000,4.0,103,5,,ארנון ,https://www.newhomeco.com/_next/image?url=https%3A%2F%2Fnewhomecoprod.wpenginepowered.com%2Fwp-content%2Fuploads%2FDivision%2FNorCal%2FTrails-at-Valley-Oak%2FModel-Photography%2FPlan-1%2F2342-10_Streetscene_TheTrails-NewHomeCo_EricFiggePhotos.jpg&w=3840&q=75,,,,,,,,
₪7190000,5.0,165,7,,עוזיאל ,https://www.newhomeco.com/_next/image?url=https%3A%2F%2Fnewhomecoprod.wpenginepowered.com%2Fwp-content%2Fuploads%2FDivision%2FNorCal%2FTrails-at-Valley-Oak%2FModel-Photography%2FPlan-1%2F2342-10_Streetscene_TheTrails-NewHomeCo_EricFiggePhotos.jpg&w=3840&q=75,,,,,,,,
₪7190000,4.0,96,0,,יהודה הלוי ,https://www.newhomeco.com/_next/image?url=https%3A%2F%2Fnewhomecoprod.wpenginepowered.com%2Fwp-content%2Fuploads%2FDivision%2FNorCal%2FTrails-at-Valley-Oak%2FModel-Photography%2FPlan-1%2F2342-10_Streetscene_TheTrails-NewHomeCo_EricFiggePhotos.jpg&w=3840&q=75,,,,,,,,
₪7200000,3.0,94,3,,ויתקין,https://www.newhomeco.com/_next/image?url=https%3A%2F%2Fnewhomecoprod.wpenginepowered.com%2Fwp-content%2Fuploads%2FDivision%2FNorCal%2FTrails-at-Valley-Oak%2FModel-Photography%2FPlan-1%2F2342-10_Streetscene_TheTrails-NewHomeCo_EricFiggePhotos.jpg&w=3840&q=75,,,,,,,,
₪7300000,4.0,113,5,,בלוך ,https://www.newhomeco.com/_next/image?url=https%3A%2F%2Fnewhomecoprod.wpenginepowered.com%2Fwp-content%2Fuploads%2FDivision%2FNorCal%2FTrails-at-Valley-Oak%2FModel-Photography%2FPlan-1%2F2342-10_Streetscene_TheTrails-NewHomeCo_EricFiggePhotos.jpg&w=3840&q=75,,,,,,,,
₪7300000,4.0,115,4,,בן יהודה ,https://www.newhomeco.com/_next/image?url=https%3A%2F%2Fnewhomecoprod.wpenginepowered.com%2Fwp-content%2Fuploads%2FDivision%2FNorCal%2FTrails-at-Valley-Oak%2FModel-Photography%2FPlan-1%2F2342-10_Streetscene_TheTrails-NewHomeCo_EricFiggePhotos.jpg&w=3840&q=75,,,,,,,,
₪7400000,5.0,125,1,,לואי מרשל ,https://www.newhomeco.com/_next/image?url=https%3A%2F%2Fnewhomecoprod.wpenginepowered.com%2Fwp-content%2Fuploads%2FDivision%2FNorCal%2FTrails-at-Valley-Oak%2FModel-Photography%2FPlan-1%2F2342-10_Streetscene_TheTrails-NewHomeCo_EricFiggePhotos.jpg&w=3840&q=75,,,,,,,,
₪7500000,5.0,128,2,,הלסינקי,https://www.newhomeco.com/_next/image?url=https%3A%2F%2Fnewhomecoprod.wpenginepowered.com%2Fwp-content%2Fuploads%2FDivision%2FNorCal%2FTrails-at-Valley-Oak%2FModel-Photography%2FPlan-1%2F2342-10_Streetscene_TheTrails-NewHomeCo_EricFiggePhotos.jpg&w=3840&q=75,,,,,,,,
₪7500000,4.0,130,2,,השופטים,https://www.newhomeco.com/_next/image?url=https%3A%2F%2Fnewhomecoprod.wpenginepowered.com%2Fwp-content%2Fuploads%2FDivision%2FNorCal%2FTrails-at-Valley-Oak%2FModel-Photography%2FPlan-1%2F2342-10_Streetscene_TheTrails-NewHomeCo_EricFiggePhotos.jpg&w=3840&q=75,,,,,,,,
₪7600000,4.5,165,3,,פרישמן,https://www.newhomeco.com/_next/image?url=https%3A%2F%2Fnewhomecoprod.wpenginepowered.com%2Fwp-content%2Fuploads%2FDivision%2FNorCal%2FTrails-at-Valley-Oak%2FModel-Photography%2FPlan-1%2F2342-10_Streetscene_TheTrails-NewHomeCo_EricFiggePhotos.jpg&w=3840&q=75,,,,,,,,
₪7850000,4.0,115,2,,בן גוריון,https://www.newhomeco.com/_next/image?url=https%3A%2F%2Fnewhomecoprod.wpenginepowered.com%2Fwp-content%2Fuploads%2FDivision%2FNorCal%2FTrails-at-Valley-Oak%2FModel-Photography%2FPlan-1%2F2342-10_Streetscene_TheTrails-NewHomeCo_EricFiggePhotos.jpg&w=3840&q=75,,,,,,,,
₪7900000,5.0,125,4,,חברון ,https://www.newhomeco.com/_next/image?url=https%3A%2F%2Fnewhomecoprod.wpenginepowered.com%2Fwp-content%2Fuploads%2FDivision%2FNorCal%2FTrails-at-Valley-Oak%2FModel-Photography%2FPlan-1%2F2342-10_Streetscene_TheTrails-NewHomeCo_EricFiggePhotos.jpg&w=3840&q=75,,,,,,,,
₪7950000,4.0,102,5,,עין חרוד,https://www.newhomeco.com/_next/image?url=https%3A%2F%2Fnewhomecoprod.wpenginepowered.com%2Fwp-content%2Fuploads%2FDivision%2FNorCal%2FTrails-at-Valley-Oak%2FModel-Photography%2FPlan-1%2F2342-10_Streetscene_TheTrails-NewHomeCo_EricFiggePhotos.jpg&w=3840&q=75,,,,,,,,
₪8250000,3.0,90,17,,הרברט סמואל,https://www.newhomeco.com/_next/image?url=https%3A%2F%2Fnewhomecoprod.wpenginepowered.com%2Fwp-content%2Fuploads%2FDivision%2FNorCal%2FTrails-at-Valley-Oak%2FModel-Photography%2FPlan-1%2F2342-10_Streetscene_TheTrails-NewHomeCo_EricFiggePhotos.jpg&w=3840&q=75,,,,,,,,
₪8500000,4.0,150,2,,בלפור ,https://www.newhomeco.com/_next/image?url=https%3A%2F%2Fnewhomecoprod.wpenginepowered.com%2Fwp-content%2Fuploads%2FDivision%2FNorCal%2FTrails-at-Valley-Oak%2FModel-Photography%2FPlan-1%2F2342-10_Streetscene_TheTrails-NewHomeCo_EricFiggePhotos.jpg&w=3840&q=75,,,,,,,,
₪8500000,4.0,154,3,,דובנוב ,https://www.newhomeco.com/_next/image?url=https%3A%2F%2Fnewhomecoprod.wpenginepowered.com%2Fwp-content%2Fuploads%2FDivision%2FNorCal%2FTrails-at-Valley-Oak%2FModel-Photography%2FPlan-1%2F2342-10_Streetscene_TheTrails-NewHomeCo_EricFiggePhotos.jpg&w=3840&q=75,,,,,,,,
₪8500000,4.0,127,5,,מרים החשמונאית ,https://www.newhomeco.com/_next/image?url=https%3A%2F%2Fnewhomecoprod.wpenginepowered.com%2Fwp-content%2Fuploads%2FDivision%2FNorCal%2FTrails-at-Valley-Oak%2FModel-Photography%2FPlan-1%2F2342-10_Streetscene_TheTrails-NewHomeCo_EricFiggePhotos.jpg&w=3840&q=75,,,,,,,,
₪8600000,4.0,148,2,,קלונימוס ,https://www.newhomeco.com/_next/image?url=https%3A%2F%2Fnewhomecoprod.wpenginepowered.com%2Fwp-content%2Fuploads%2FDivision%2FNorCal%2FTrails-at-Valley-Oak%2FModel-Photography%2FPlan-1%2F2342-10_Streetscene_TheTrails-NewHomeCo_EricFiggePhotos.jpg&w=3840&q=75,,,,,,,,
₪8800000,6.0,175,3,,גאולה ,https://www.newhomeco.com/_next/image?url=https%3A%2F%2Fnewhomecoprod.wpenginepowered.com%2Fwp-content%2Fuploads%2FDivision%2FNorCal%2FTrails-at-Valley-Oak%2FModel-Photography%2FPlan-1%2F2342-10_Streetscene_TheTrails-NewHomeCo_EricFiggePhotos.jpg&w=3840&q=75,,,,,,,,
₪9600000,5.0,156,1,, ה' באייר,https://www.newhomeco.com/_next/image?url=https%3A%2F%2Fnewhomecoprod.wpenginepowered.com%2Fwp-content%2Fuploads%2FDivision%2FNorCal%2FTrails-at-Valley-Oak%2FModel-Photography%2FPlan-1%2F2342-10_Streetscene_TheTrails-NewHomeCo_EricFiggePhotos.jpg&w=3840&q=75,,,,,,,,
₪10000000,5.0,159,4,,סוקולוב,https://www.newhomeco.com/_next/image?url=https%3A%2F%2Fnewhomecoprod.wpenginepowered.com%2Fwp-content%2Fuploads%2FDivision%2FNorCal%2FTrails-at-Valley-Oak%2FModel-Photography%2FPlan-1%2F2342-10_Streetscene_TheTrails-NewHomeCo_EricFiggePhotos.jpg&w=3840&q=75,,,,,,,,
,,,,,,,,,,,,,,
₪4000000,3.0,68,4,4,אלקלעי,,,,,,,,,
₪5500000,3.0,82,2,,נחמני,,יש,יש 2 רגילות,יש,חדישה משופצת,,יש,מערב צפון,14.0
₪7800000,4.0,136,5,7,סמטאות כיכר המדינה,,יש,יש 2 רגילות,יש,חדשה,,יש,מערב צפון ומזרח,14.0
₪3100000,2.0,55,12,,דיזנגוף,,יש,אין,יש,משופצת,,יש,דרום מזרח ומערב,3.0
₪3400000,2.0,69,3,,"רש""י",,אין,אין,אין,שמורה,יש,,,
₪5700000,3.0,100,3,,טשרניחובסקי,,אין,אין,אין,משופצת אדריכלית,יש ,יש,מערב צפון ומזרח,16.0
₪4400000,3.0,95,3,,ויזל,,אין,אין,אין,משופצת,יש,אין,דרום צפון מערב,
,,,,,,,,,,,,,,
₪3200000,2.5,60,0,,ברנשטיין כהן,,אין,משותפת,אין,שמורה,יש,יש,דרום מזרח מערב,54.0
₪3900000,2.0,77,3,4,שלמה המלך,,יש,,אין,,אין,אין,,
₪3190000,2.0,56,25,30,מנחם בגין,,יש,יש רגילה,יש,משופצת,אין,אין,דרום מערב,
₪4900000,3.5,89,3,5,בארי,,יש,משותפת,יש,לשיפוץ,אין,יש,דרום צפון מזרח,
₪5150000,4.0,119,1,4,הבשן,,אין,אין,אין,שמור,יש,יש,צפון מערב,